,Unnamed: 0,yyyy,mm,day,HH_UTC,MM,x,y
5245,5245,2016,7,1,9,15,694196.2410725604,6464387.256448036
5246,5246,2016,7,1,9,45,694288.5444088468,6464414.402839702
5247,5247,2016,7,1,10,15,694228.3587818141,6464427.831934139
5248,5248,2016,7,1,10,45,694151.1975236137,6464420.026617594
5249,5249,2016,7,1,11,15,694177.1319495027,6464370.442124599
5250,5250,2016,7,1,11,45,694141.0137852087,6464309.274333329
5251,5251,2016,7,1,12,15,694124.9121541668,6464282.393378703
5252,5252,2016,7,1,12,45,694089.9619785239,6464322.74537271
5253,5253,2016,7,1,13,15,694088.036273585,6464256.920893817
5254,5254,2016,7,1,13,45,694049.4932775813,6464311.659795659
5255,5255,2016,7,1,14,15,694024.024312581,6464346.942591722
5256,5256,2016,7,1,14,45,693996.1094521935,6464338.834705841
5257,5257,2016,7,1,15,15,694069.0963335667,6464354.830914198
5258,5258,2016,7,1,15,45,694052.1329873808,6464317.174001977
5259,5259,2016,7,1,17,15,694056.1296829771,6464260.610931093
5260,5260,2016,7,1,17,45,694100.2818425603,6464300.949935871
5261,5261,2016,7,2,5,15,694112.5505563276,6464390.257374127
5262,5262,2016,7,2,5,45,694108.1174195581,6464399.100294241
5263,5263,2016,7,2,6,15,694109.050178229,6464384.786510593
5264,5264,2016,7,2,6,45,694166.5133965279,6464358.165337719
5265,5265,2016,7,2,7,15,694148.342807058,6464392.801028757
5266,5266,2016,7,2,7,45,694158.5080368121,6464400.324596174
5267,5267,2016,7,2,8,15,694154.8539337908,6464411.486143596
5268,5268,2016,7,2,8,45,694089.4054762111,6464407.104470787
5269,5269,2016,7,2,9,15,694075.7097979835,6464402.260927083
5270,5270,2016,7,2,9,45,694119.6394620965,6464403.243349818
5271,5271,2016,7,2,10,15,694142.7173279412,6464392.745088002
5272,5272,2016,7,2,10,45,694134.9300218851,6464394.037372377
5273,5273,2016,7,2,11,15,694170.2476423436,6464374.915192541
5274,5274,2016,7,2,11,45,694158.7048378863,6464388.883601859
5275,5275,2016,7,2,12,15,694162.822663438,6464420.146774672
5276,5276,2016,7,2,12,45,694152.3117611328,6464429.907763431
5277,5277,2016,7,2,13,15,694147.4367383536,6464420.357958006
5278,5278,2016,7,2,13,45,694147.7753630021,6464399.300806987
5279,5279,2016,7,2,14,15,694147.8293850799,6464403.882883488
5280,5280,2016,7,2,14,45,694155.3472636938,6464402.332687387
5281,5281,2016,7,2,15,15,694181.5020932964,6464396.928447145
5282,5282,2016,7,2,15,45,694154.259460035,6464395.714686835
5283,5283,2016,7,2,16,15,694172.0713083951,6464386.887994743
5284,5284,2016,7,2,16,45,694156.6350019024,6464387.23062669
5285,5285,2016,7,2,17,15,694177.2499116624,6464376.107226508
5286,5286,2016,7,2,17,45,694174.332752059,6464366.122324172
5287,5287,2016,7,2,18,15,694184.2369048817,6464349.457152804
5288,5288,2016,7,2,18,45,694209.4123835431,6464339.607134072
5289,5289,2016,7,2,19,15,694275.1243609209,6464338.692413311
5290,5290,2016,7,2,19,45,694307.5438771022,6464311.552368761
5291,5291,2016,7,2,20,15,694292.7070995463,6464326.767487862
5292,5292,2016,7,2,20,45,694268.1391729849,6464348.09729248
5293,5293,2016,7,2,21,15,694250.584659766,6464354.707493774
5294,5294,2016,7,2,21,45,694231.7222684479,6464362.751589398
5295,5295,2016,7,2,22,15,694185.2871070473,6464374.101567225
5296,5296,2016,7,2,22,45,694223.2359194992,6464358.162797796
5297,5297,2016,7,2,23,15,694220.3625813704,6464351.038462341
5298,5298,2016,7,2,23,45,694215.7729090191,6464348.787449824
5299,5299,2016,7,3,0,15,694238.9836877137,6464337.541603089
5300,5300,2016,7,3,0,45,694242.256272625,6464348.483701479
5301,5301,2016,7,3,1,15,694239.9247492325,6464349.055855277
5302,5302,2016,7,3,1,45,694226.5078174379,6464345.722150877
5303,5303,2016,7,3,2,15,694194.8495279246,6464340.975343104
5304,5304,2016,7,3,2,45,694179.9943417715,6464349.2159060165
5305,5305,2016,7,3,3,15,694109.7937782237,6464326.445447696
5306,5306,2016,7,3,3,45,694047.4939721143,6464349.433163322
5307,5307,2016,7,3,4,45,694127.5838308559,6464387.335583754
5308,5308,2016,7,3,5,15,694110.3278834783,6464405.015906914
5309,5309,2016,7,3,5,45,694125.9355646385,6464385.489654752
5310,5310,2016,7,3,6,15,694112.9852929122,6464323.913244126
5311,5311,2016,7,3,6,45,694105.7097079712,6464338.805483018
5312,5312,2016,7,3,7,15,694063.9766298318,6464263.970179857
5313,5313,2016,7,3,7,45,694041.7162529022,6464330.641603692
5314,5314,2016,7,3,8,15,694047.9875701333,6464375.829217743
5315,5315,2016,7,3,8,45,694116.2048218908,6464355.0636323895
5316,5316,2016,7,3,9,15,694125.5530429311,6464381.082108525
5317,5317,2016,7,3,9,45,694127.3410349018,6464327.545559154
5318,5318,2016,7,3,10,15,694016.6462134711,6464322.992122032
5319,5319,2016,7,3,10,45,693906.8114894546,6464365.257007914
5320,5320,2016,7,3,11,15,693880.9005178955,6464436.638681761
5321,5321,2016,7,3,12,15,693932.7814579265,6464479.572744961
5322,5322,2016,7,3,13,15,693913.5438066397,6464387.309088956
5323,5323,2016,7,3,14,15,693866.9866323806,6464507.767935213
5324,5324,2016,7,3,14,45,693872.0811094616,6464507.007541065
5325,5325,2016,7,3,15,15,693849.893176064,6464493.200159037
5326,5326,2016,7,3,15,45,693876.194833639,6464504.133749564
5327,5327,2016,7,3,16,15,693833.707145384,6464539.973544008
5328,5328,2016,7,3,16,45,693889.7196832121,6464576.3787512425
5329,5329,2016,7,3,17,15,693857.8621093372,6464518.966161617
5330,5330,2016,7,3,17,45,693883.751407041,6464564.78510799
5331,5331,2016,7,3,18,15,693864.131215173,6464607.609083349
5332,5332,2016,7,3,19,15,693833.4481158984,6464604.600851984
5333,5333,2016,7,3,19,45,693849.9047600074,6464570.712395373
5334,5334,2016,7,3,20,15,693826.1254204164,6464544.356127682
5335,5335,2016,7,3,20,45,693847.8412146282,6464576.244034758
5336,5336,2016,7,3,21,15,693800.9683590524,6464572.436351178
5337,5337,2016,7,3,21,45,693901.3003266201,6464532.535139618
5338,5338,2016,7,3,22,15,693893.9878590776,6464569.051168951
5339,5339,2016,7,3,22,45,693874.7310009801,6464558.64564234
5340,5340,2016,7,3,23,15,693865.3788795796,6464525.852796586
5341,5341,2016,7,3,23,45,693830.3988683652,6464533.759696068
5342,5342,2016,7,4,0,15,693846.2329905381,6464536.187670023
5343,5343,2016,7,4,0,45,693858.1502584094,6464501.440705414
5344,5344,2016,7,4,1,15,693873.001972169,6464501.984106257
5345,5345,2016,7,4,1,45,693867.755458415,6464493.400102805
5346,5346,2016,7,4,2,15,693822.2187126424,6464528.070528335
5347,5347,2016,7,4,2,45,693856.3127498695,6464512.331632083
5348,5348,2016,7,4,3,15,693848.4686687135,6464535.921928409
5349,5349,2016,7,4,3,45,693839.2119497436,6464528.963667223
5350,5350,2016,7,4,4,15,693849.8188540705,6464536.598067705
5351,5351,2016,7,4,4,45,693848.4137619316,6464580.453280636
5352,5352,2016,7,4,5,15,693866.0851384283,6464548.367900313
5353,5353,2016,7,4,5,45,693895.911199858,6464525.082523949
5354,5354,2016,7,4,6,15,693845.758911023,6464541.043575398
5355,5355,2016,7,4,6,45,693841.2576675155,6464504.11643416
5356,5356,2016,7,4,7,15,693848.239538737,6464506.865108846
5357,5357,2016,7,4,7,45,693852.9599967878,6464509.312083984
5358,5358,2016,7,4,8,15,693871.6112677886,6464475.294304081
5359,5359,2016,7,4,8,45,693849.8144120767,6464496.293090494
5360,5360,2016,7,4,9,15,693886.1727081339,6464508.92131082
5361,5361,2016,7,4,9,45,693896.6988539151,6464508.8838377455
5362,5362,2016,7,4,10,15,693918.4484964231,6464489.220423993
5363,5363,2016,7,4,10,45,693913.0095622239,6464513.935280652
5364,5364,2016,7,4,11,15,693909.0785255514,6464498.965551326
5365,5365,2016,7,4,11,45,693917.7679549102,6464515.8604423
5366,5366,2016,7,4,12,15,693895.4383405017,6464543.846222435
5367,5367,2016,7,4,12,45,693909.0812495081,6464524.868901457
5368,5368,2016,7,4,13,15,693906.5401563486,6464501.328040949
5369,5369,2016,7,4,13,45,693804.6990276654,6464553.564247137
5370,5370,2016,7,4,14,15,693899.2615731484,6464506.4171928
5371,5371,2016,7,4,14,45,693918.6337321561,6464520.193180634
5372,5372,2016,7,4,15,15,693878.4066505376,6464528.7101022005
5373,5373,2016,7,4,15,45,693869.9026850146,6464590.731282327
5374,5374,2016,7,4,16,15,693913.4029674473,6464588.242666612
5375,5375,2016,7,4,17,15,694013.038769695,6464459.860209741
5376,5376,2016,7,4,17,45,693906.3850762761,6464397.1118566105
5377,5377,2016,7,4,19,45,693887.4514394893,6464502.774885668
5378,5378,2016,7,4,21,45,693718.5050053723,6464328.005196455
5379,5379,2016,7,4,22,15,693840.9503669745,6464372.701931271
5380,5380,2016,7,4,22,45,693837.8343951083,6464403.459369327
5381,5381,2016,7,4,23,15,693820.6721682262,6464383.156079036
5382,5382,2016,7,4,23,45,693825.3246280687,6464366.749983148
5383,5383,2016,7,5,0,15,693821.8090408044,6464345.091747614
5384,5384,2016,7,5,0,45,693850.1848770517,6464365.824279762
5385,5385,2016,7,5,1,15,693840.816480475,6464350.185718289
5386,5386,2016,7,5,1,45,693847.3030833048,6464366.656635551
5387,5387,2016,7,5,2,15,693857.3573843922,6464354.13352253
5388,5388,2016,7,5,2,45,693857.2735026941,6464368.32171242
5389,5389,2016,7,5,3,15,693856.9908311464,6464365.12043211
5390,5390,2016,7,5,3,45,693878.7708613364,6464396.333702572
5391,5391,2016,7,5,4,15,693854.3624209993,6464410.431160365
5392,5392,2016,7,5,4,45,693875.5951492102,6464419.762377754
5393,5393,2016,7,5,5,15,693846.2091149564,6464403.685008505
5394,5394,2016,7,5,5,45,693900.0674218364,6464416.997479476
5395,5395,2016,7,5,6,15,693896.1360602505,6464415.14007224
5396,5396,2016,7,5,6,45,693882.5096580366,6464420.065378169
5397,5397,2016,7,5,7,15,693892.0667335289,6464399.577401202
5398,5398,2016,7,5,7,45,693882.6998644231,6464402.60025855
5399,5399,2016,7,5,8,15,693897.3144911109,6464418.543193349
5400,5400,2016,7,5,8,45,693884.6003400589,6464403.909627689
5401,5401,2016,7,5,9,15,693898.0213278485,6464414.479447277
5402,5402,2016,7,5,9,45,693882.8988500228,6464389.946877572
5403,5403,2016,7,5,10,15,693845.910443912,6464486.779284938
5404,5404,2016,7,5,10,45,693786.6873864711,6464398.298624138
5405,5405,2016,7,5,11,15,693848.7603705067,6464385.393080382
5406,5406,2016,7,5,11,45,693836.6867695592,6464340.915523107
5407,5407,2016,7,5,12,15,693893.9531863541,6464365.791049137
5408,5408,2016,7,5,12,45,693856.5556698074,6464348.946746239
5409,5409,2016,7,5,13,15,693871.5897229459,6464343.121728785
5410,5410,2016,7,5,13,45,693909.1687759008,6464370.224231232
5411,5411,2016,7,5,14,15,693902.2593885041,6464369.042180617
5412,5412,2016,7,5,14,45,693919.1030033678,6464380.265064852
5413,5413,2016,7,5,15,15,693900.1412069516,6464389.193284508
5414,5414,2016,7,5,15,45,693884.0723686019,6464391.050555284
5415,5415,2016,7,5,16,15,693892.5425506354,6464395.922599886
5416,5416,2016,7,5,16,45,693878.791992808,6464391.939107125
5417,5417,2016,7,5,17,15,693881.5153447419,6464387.085327454
5418,5418,2016,7,5,17,45,693876.6984787032,6464376.786027819
5419,5419,2016,7,5,18,15,693872.1980624973,6464367.270384438
5420,5420,2016,7,5,18,45,693857.572819247,6464342.247132908
5421,5421,2016,7,5,19,15,693879.1786060791,6464351.214443003
5422,5422,2016,7,5,19,45,693882.8458977432,6464355.745491731
5423,5423,2016,7,5,20,15,693885.6885524034,6464353.065413522
5424,5424,2016,7,5,20,45,693901.3045033243,6464366.844110044
5425,5425,2016,7,5,21,15,693879.4382278211,6464352.961419326
5426,5426,2016,7,5,21,45,693864.5235866247,6464356.087449658
5427,5427,2016,7,5,22,15,693882.592911191,6464368.343918784
5428,5428,2016,7,5,22,45,693862.3005125895,6464370.826078516
5429,5429,2016,7,5,23,15,693872.6264267603,6464376.484449438
5430,5430,2016,7,5,23,45,693867.5274497025,6464368.991962061
5431,5431,2016,7,6,0,15,693880.1751572604,6464372.806777637
5432,5432,2016,7,6,0,45,693884.3323587084,6464372.582821155
5433,5433,2016,7,6,1,15,693878.8420309687,6464373.923519655
5434,5434,2016,7,6,1,45,693872.2213488696,6464378.837940545
5435,5435,2016,7,6,2,15,693870.7149784251,6464375.528114842
5436,5436,2016,7,6,2,45,693882.6205309147,6464376.589636403
5437,5437,2016,7,6,3,15,693882.3518448655,6464381.351930427
5438,5438,2016,7,6,3,45,693844.0904585236,6464348.438366049
5439,5439,2016,7,6,4,15,693879.1938361047,6464367.629272242
5440,5440,2016,7,6,4,45,693888.4663119082,6464384.992232281
5441,5441,2016,7,6,5,15,693871.9097494562,6464375.547955818
5442,5442,2016,7,6,5,45,693887.6774269533,6464373.017579991
5443,5443,2016,7,6,6,15,693918.3276094248,6464388.229593678
5444,5444,2016,7,6,6,45,693900.8654602033,6464382.146993269
5445,5445,2016,7,6,7,15,693894.366831558,6464371.722884961
5446,5446,2016,7,6,7,45,693893.5809787266,6464378.685218964
5447,5447,2016,7,6,8,15,693872.5867359175,6464383.445115428
5448,5448,2016,7,6,8,45,693921.8114536987,6464401.786047324
5449,5449,2016,7,6,9,15,693906.8147051652,6464411.358236942
5450,5450,2016,7,6,9,45,693871.8661070369,6464350.438059549
5451,5451,2016,7,6,10,15,693935.131503975,6464411.831947425
5452,5452,2016,7,6,10,45,693925.0498703256,6464393.972808847
5453,5453,2016,7,6,11,15,693904.1771024182,6464392.191021206
5454,5454,2016,7,6,11,45,693893.2406852859,6464372.261665393
5455,5455,2016,7,6,12,15,693916.9105867608,6464386.196203668
5456,5456,2016,7,6,12,45,693874.1607115128,6464358.223891632
5457,5457,2016,7,6,13,15,693898.7402226098,6464383.585498332
5458,5458,2016,7,6,13,45,693881.6655077711,6464390.442301705
5459,5459,2016,7,6,14,15,693903.6023447312,6464411.997618213
5460,5460,2016,7,6,14,45,693845.2847108514,6464365.3659450095
5461,5461,2016,7,6,15,15,693889.9608101425,6464402.786615772
5462,5462,2016,7,6,15,45,693916.1353808059,6464410.736491209
5463,5463,2016,7,6,16,15,693893.2483576902,6464404.880974064
5464,5464,2016,7,6,16,45,693893.8344378391,6464403.941793421
5465,5465,2016,7,6,17,15,693892.6826963989,6464382.159651431
5466,5466,2016,7,6,17,45,693876.6718632645,6464315.168705901
5467,5467,2016,7,6,20,15,693633.3322184988,6464486.148783224
5468,5468,2016,7,6,20,45,693797.0749784521,6464505.925377765
5469,5469,2016,7,6,21,15,693726.6544405886,6464517.856761111
5470,5470,2016,7,6,22,15,693733.1270997091,6464544.170004599
5471,5471,2016,7,7,0,15,693634.6185541634,6464502.444332805
5472,5472,2016,7,7,2,15,693734.8984139718,6464393.133515867
5473,5473,2016,7,7,2,45,693798.2855903537,6464409.660789709
5474,5474,2016,7,7,3,15,693852.2157194538,6464412.084815298
5475,5475,2016,7,7,3,45,693842.1710647305,6464453.007693634
5476,5476,2016,7,7,4,15,693853.5670715354,6464445.661860409
5477,5477,2016,7,7,4,45,693873.1203044053,6464427.454262747
5478,5478,2016,7,7,5,15,693892.1763922797,6464445.812747233
5479,5479,2016,7,7,5,45,693917.0917063156,6464439.379072124
5480,5480,2016,7,7,6,15,693902.2698819848,6464450.21681007
5481,5481,2016,7,7,6,45,693900.2018916351,6464456.312657243
5482,5482,2016,7,7,7,15,693891.1459082445,6464446.119144242
5483,5483,2016,7,7,7,45,693886.0222723491,6464467.219310663
5484,5484,2016,7,7,8,15,693900.8444272985,6464436.444702055
5485,5485,2016,7,7,8,45,693876.7488049956,6464431.069064079
5486,5486,2016,7,7,9,15,693874.107568823,6464461.9714218965
5487,5487,2016,7,7,9,45,693915.6968652369,6464389.476493451
5488,5488,2016,7,7,10,15,693887.6120474447,6464433.975248943
5489,5489,2016,7,7,10,45,693890.5329783189,6464429.741108893
5490,5490,2016,7,7,11,15,693893.0170846663,6464475.566949463
5491,5491,2016,7,7,11,45,693875.0755580268,6464452.073648201
5492,5492,2016,7,7,12,15,693899.6510350908,6464472.020505868
5493,5493,2016,7,7,12,45,693880.1231027055,6464464.648400699
5494,5494,2016,7,7,13,15,693881.3097818947,6464466.943112145
5495,5495,2016,7,7,13,45,693866.8380319254,6464441.341168247
5496,5496,2016,7,7,14,15,693900.0403328948,6464432.007353325
5497,5497,2016,7,7,14,45,693835.1520499268,6464427.240922274
5498,5498,2016,7,7,15,15,693877.2974699718,6464411.249201471
5499,5499,2016,7,7,15,45,693869.7536511304,6464411.342578697
5500,5500,2016,7,7,16,15,693849.5891743191,6464396.68103853
5501,5501,2016,7,7,16,45,693882.8171263167,6464395.135665982
5502,5502,2016,7,7,17,15,693889.6825803018,6464382.573329166
5503,5503,2016,7,7,17,45,693852.099159831,6464373.9856289765
5504,5504,2016,7,7,18,15,693879.1144828597,6464389.256389629
5505,5505,2016,7,7,18,45,693850.7411482357,6464394.301780484
5506,5506,2016,7,7,19,15,693859.8040653043,6464403.118044623
5507,5507,2016,7,7,19,45,693859.9136358886,6464392.5040563205
5508,5508,2016,7,7,20,15,693855.1130260031,6464402.269868488
5509,5509,2016,7,7,20,45,693853.5840980916,6464411.867072053
5510,5510,2016,7,7,21,15,693867.3493005262,6464431.208195423
5511,5511,2016,7,7,21,45,693868.0144798422,6464425.219907729
5512,5512,2016,7,7,22,15,693872.7462648598,6464428.439474705
5513,5513,2016,7,7,22,45,693855.4144914153,6464417.968888139
5514,5514,2016,7,7,23,15,693869.7288005209,6464418.050671923
5515,5515,2016,7,7,23,45,693869.3848779411,6464426.1043030815
5516,5516,2016,7,8,0,15,693867.0907291182,6464426.188350979
5517,5517,2016,7,8,0,45,693854.6742838292,6464424.304771082
5518,5518,2016,7,8,1,15,693870.4883949665,6464432.899556419
5519,5519,2016,7,8,1,45,693847.2696695873,6464426.065265246
5520,5520,2016,7,8,2,15,693849.6767772385,6464428.641911257
5521,5521,2016,7,8,2,45,693874.1594545932,6464435.295515491
5522,5522,2016,7,8,3,15,693844.8544846404,6464432.084082483
5523,5523,2016,7,8,3,45,693878.7363897383,6464424.453912954
5524,5524,2016,7,8,4,15,693851.4561481355,6464417.833435624
5525,5525,2016,7,8,4,45,693887.7368413899,6464417.19414078
5526,5526,2016,7,8,5,15,693845.3040772885,6464400.7052202
5527,5527,2016,7,8,5,45,693811.7289247686,6464381.407791374
5528,5528,2016,7,8,6,15,693863.1028988137,6464387.853715856
5529,5529,2016,7,8,6,45,693846.1274182182,6464396.406830878
5530,5530,2016,7,8,7,15,693881.2357801907,6464407.577911464
5531,5531,2016,7,8,7,45,693871.672756788,6464406.9105866095
5532,5532,2016,7,8,8,15,693885.8938738467,6464414.479729028
5533,5533,2016,7,8,8,45,693861.7260312368,6464411.346921933
5534,5534,2016,7,8,9,15,693865.8205784824,6464409.691548121
5535,5535,2016,7,8,9,45,693854.3511021523,6464398.163738774
5536,5536,2016,7,8,10,15,693904.0082213249,6464408.358717846
5537,5537,2016,7,8,10,45,693913.8765522616,6464420.741526418
5538,5538,2016,7,8,11,15,693918.4657441154,6464444.956679396
5539,5539,2016,7,8,11,45,693864.3833917094,6464423.306415468
5540,5540,2016,7,8,12,15,693867.6874624331,6464422.7348910775
5541,5541,2016,7,8,12,45,693883.249044682,6464432.504090465
5542,5542,2016,7,8,13,15,693897.8863605828,6464419.681976946
5543,5543,2016,7,8,13,45,693880.5610467131,6464417.062453277
5544,5544,2016,7,8,14,15,693886.9933315866,6464424.458415222
5545,5545,2016,7,8,14,45,693897.5165105554,6464405.01834491
5546,5546,2016,7,8,15,15,693899.21833768,6464405.54602877
5547,5547,2016,7,8,15,45,693889.7447144617,6464398.616215847
5548,5548,2016,7,8,16,15,693867.6857697908,6464405.328923253
5549,5549,2016,7,8,16,45,693853.6146298129,6464406.787215981
5550,5550,2016,7,8,17,15,693874.590807459,6464433.4600261655
5551,5551,2016,7,8,17,45,693840.9902622835,6464449.260290414
5552,5552,2016,7,8,18,15,693769.1452837726,6464415.314675529
5553,5553,2016,7,9,2,15,693825.4218606926,6464221.922895061
5554,5554,2016,7,9,2,45,693851.2040319064,6464251.473130471
5555,5555,2016,7,9,3,45,693876.8942807083,6464279.268021257
5556,5556,2016,7,9,4,15,693919.7789992476,6464348.704039809
5557,5557,2016,7,9,4,45,693941.9333122971,6464357.008344906
5558,5558,2016,7,9,5,15,693912.3981116655,6464342.779827541
5559,5559,2016,7,9,5,45,693927.980156039,6464383.125856007
5560,5560,2016,7,9,6,15,693921.5466090048,6464357.266795671
5561,5561,2016,7,9,6,45,693900.2262138154,6464361.153011955
5562,5562,2016,7,9,7,15,693927.0848256607,6464376.8143350445
5563,5563,2016,7,9,7,45,693950.0472250574,6464392.544970796
5564,5564,2016,7,9,8,15,693903.7615225014,6464341.094828771
5565,5565,2016,7,9,8,45,693949.7775762808,6464368.502193906
5566,5566,2016,7,9,9,15,693939.4678553292,6464380.149815954
5567,5567,2016,7,9,9,45,693923.1392746706,6464387.306317924
5568,5568,2016,7,9,10,15,693935.3750184713,6464388.623316608
5569,5569,2016,7,9,10,45,693925.2625922214,6464416.039521942
5570,5570,2016,7,9,11,15,693896.1335065031,6464454.97833417
5571,5571,2016,7,9,11,45,693940.0062861821,6464432.5301563945
5572,5572,2016,7,9,12,15,693922.3577349308,6464426.188248845
5573,5573,2016,7,9,12,45,693911.699440583,6464436.173062012
5574,5574,2016,7,9,13,15,693926.3100221598,6464405.680904199
5575,5575,2016,7,9,13,45,693954.1813929462,6464415.800414262
5576,5576,2016,7,9,14,15,693859.1648862063,6464396.474178266
5577,5577,2016,7,9,14,45,693883.7104043362,6464429.829584564
5578,5578,2016,7,9,15,15,693919.8155305568,6464467.511534541
5579,5579,2016,7,9,15,45,693934.9679602972,6464562.087979214
5580,5580,2016,7,9,16,15,693912.4920021213,6464559.011976033
5581,5581,2016,7,9,17,45,693935.6792446353,6464485.714613299
5582,5582,2016,7,10,4,15,693929.5341251291,6464357.364831313
5583,5583,2016,7,10,4,45,693915.6205573297,6464413.905374861
5584,5584,2016,7,10,5,15,693937.886687254,6464426.334542486
5585,5585,2016,7,10,5,45,693911.8256571463,6464420.989391002
5586,5586,2016,7,10,6,15,693937.4930299297,6464417.756119655
5587,5587,2016,7,10,6,45,693945.2874887829,6464396.52189316
5588,5588,2016,7,10,7,15,693917.5527761178,6464314.028031394
5589,5589,2016,7,10,7,45,693956.0428267554,6464380.853242466
5590,5590,2016,7,10,8,15,693960.5973877093,6464297.678050786
5591,5591,2016,7,10,8,45,693997.4464079597,6464349.833173002
5592,5592,2016,7,10,9,15,693902.6755975469,6464323.051478212
5593,5593,2016,7,10,9,45,693963.8567100664,6464251.202717435
5594,5594,2016,7,10,11,15,693855.7045905425,6464427.948060833
5595,5595,2016,7,10,12,15,693967.0875100832,6464598.483896899
5596,5596,2016,7,10,12,45,693989.4178502329,6464610.569960686
5597,5597,2016,7,10,13,45,693944.3189625391,6464388.950630788
5598,5598,2016,7,10,16,15,693978.4678125794,6464213.543600568
5599,5599,2016,7,10,16,45,693946.4965385292,6464311.35843057
5600,5600,2016,7,10,17,15,693868.2621924997,6464296.8644700255
5601,5601,2016,7,10,17,45,693857.0479689497,6464286.025885448
5602,5602,2016,7,10,18,15,693840.085008333,6464311.991022771
5603,5603,2016,7,11,3,45,693941.5176052696,6464245.521540665
5604,5604,2016,7,11,4,15,693940.1014380847,6464321.212862568
5605,5605,2016,7,11,5,15,693984.9562266401,6464373.133068082
5606,5606,2016,7,11,5,45,693983.5203257952,6464376.188386355
5607,5607,2016,7,11,6,15,693977.6951249385,6464328.039565072
5608,5608,2016,7,11,6,45,693987.7044331747,6464298.462035584
5609,5609,2016,7,11,7,15,693992.9858911097,6464305.258410369
5610,5610,2016,7,11,8,15,694030.7240108523,6464295.169854532
5611,5611,2016,7,11,9,15,694029.4140256828,6464319.228241218
5612,5612,2016,7,11,9,45,694061.6379826475,6464243.456564993
5613,5613,2016,7,11,10,15,694088.7070725186,6464297.414544841
5614,5614,2016,7,11,10,45,694152.3934889773,6464306.479022576
5615,5615,2016,7,11,11,15,694147.8867136777,6464333.128991813
5616,5616,2016,7,11,11,45,694155.5694089426,6464338.104771044
5617,5617,2016,7,11,12,15,694099.9525375059,6464295.809325085
5618,5618,2016,7,11,12,45,694095.2008038132,6464299.206952893
5619,5619,2016,7,11,13,15,694113.1264051792,6464245.279083919
5620,5620,2016,7,11,13,45,694116.3201429888,6464284.427536995
5621,5621,2016,7,11,14,15,694146.2276042042,6464315.846935994
5622,5622,2016,7,11,14,45,694110.236058457,6464337.868574333
5623,5623,2016,7,11,15,15,694117.1842610618,6464331.68152932
5624,5624,2016,7,11,15,45,694099.6746721608,6464347.868922199
5625,5625,2016,7,11,16,15,694097.7731100495,6464319.845897131
5626,5626,2016,7,11,16,45,694111.1400752179,6464265.089506656
5627,5627,2016,7,11,17,15,694109.153614381,6464253.695101799
5628,5628,2016,7,11,17,45,694081.4816081712,6464244.010732688
5629,5629,2016,7,12,2,45,693935.645072149,6464183.27707486
5630,5630,2016,7,12,3,15,693899.3628083692,6464295.731921085
5631,5631,2016,7,12,3,45,693910.8426747804,6464335.458956223
5632,5632,2016,7,12,4,15,693925.9602074716,6464344.903759552
5633,5633,2016,7,12,4,45,693926.0911902979,6464362.915622761
5634,5634,2016,7,12,5,15,693920.6588174558,6464356.054486781
5635,5635,2016,7,12,5,45,693931.1871218731,6464371.679073084
5636,5636,2016,7,12,6,15,693927.634917145,6464355.906023455
5637,5637,2016,7,12,6,45,693922.4366262,6464343.579304682
5638,5638,2016,7,12,7,15,693942.9277144561,6464319.578233818
5639,5639,2016,7,12,7,45,693950.1589369111,6464338.789774209
5640,5640,2016,7,12,8,15,693957.4478796758,6464354.823084974
5641,5641,2016,7,12,8,45,693948.4628166921,6464330.41040357
5642,5642,2016,7,12,9,15,693919.5077593591,6464348.238246315
5643,5643,2016,7,12,9,45,693937.8800533847,6464348.047280038
5644,5644,2016,7,12,10,15,693947.525118174,6464369.220233024
5645,5645,2016,7,12,10,45,693893.7238609927,6464356.282642145
5646,5646,2016,7,12,11,15,693938.4923919577,6464363.912253535
5647,5647,2016,7,12,11,45,693945.3248489663,6464374.225657993
5648,5648,2016,7,12,12,15,693919.1890506512,6464314.597896953
5649,5649,2016,7,12,12,45,693879.0023223816,6464360.86402876
5650,5650,2016,7,12,13,15,693952.1717583,6464350.894917178
5651,5651,2016,7,12,13,45,693944.448490239,6464349.598781385
5652,5652,2016,7,12,14,15,693946.6382341324,6464319.721207769
5653,5653,2016,7,12,14,45,693925.5623295597,6464333.464465248
5654,5654,2016,7,12,15,15,693923.9527721138,6464324.387518221
5655,5655,2016,7,12,15,45,693927.9984426833,6464310.215184996
5656,5656,2016,7,12,16,15,693936.6330872033,6464290.7294015335
5657,5657,2016,7,12,16,45,693914.3318954618,6464241.740402197
5658,5658,2016,7,12,17,15,693933.0471551311,6464287.077722537
5659,5659,2016,7,12,17,45,693929.4755409546,6464295.11737832
5660,5660,2016,7,12,18,15,693910.8978753788,6464302.279348127
5661,5661,2016,7,12,18,45,693917.2432595966,6464326.509070698
5662,5662,2016,7,12,19,15,693862.2180964663,6464285.454687532
5663,5663,2016,7,12,19,45,693835.3457620499,6464237.459952144
5664,5664,2016,7,12,20,15,693849.9728926658,6464221.612146853
5665,5665,2016,7,12,20,45,693861.012780087,6464210.146184473
5666,5666,2016,7,12,21,45,693850.3632060873,6464201.9159867065
5667,5667,2016,7,13,1,15,693948.6094410873,6464104.709178414
5668,5668,2016,7,13,3,15,693931.1973388148,6464236.304654201
5669,5669,2016,7,13,3,45,693948.8533408272,6464276.280806239
5670,5670,2016,7,13,4,15,693953.8548681732,6464312.887169918
5671,5671,2016,7,13,4,45,693945.2415787721,6464328.080111042
5672,5672,2016,7,13,5,15,693952.5367514744,6464327.536315236
5673,5673,2016,7,13,5,45,693935.0045296948,6464344.850062905
5674,5674,2016,7,13,6,15,693946.5782633078,6464375.359415043
5675,5675,2016,7,13,6,45,693916.5099189229,6464340.701474466
5676,5676,2016,7,13,7,15,693943.7042865417,6464349.883710639
5677,5677,2016,7,13,7,45,693920.661331555,6464361.689106272
5678,5678,2016,7,13,8,15,693936.9565069496,6464375.018566168
5679,5679,2016,7,13,8,45,693898.0222063939,6464348.369036897
5680,5680,2016,7,13,9,15,693917.074367606,6464338.872767136
5681,5681,2016,7,13,9,45,693933.7818446405,6464359.965124473
5682,5682,2016,7,13,10,15,693938.3594386978,6464367.75798152
5683,5683,2016,7,13,10,45,693970.7364070527,6464354.967113923
5684,5684,2016,7,13,11,15,693970.5603674978,6464339.578845413
5685,5685,2016,7,13,11,45,693960.568602316,6464283.803021662
5686,5686,2016,7,13,12,15,693973.4060286973,6464324.4901766805
5687,5687,2016,7,13,12,45,693962.7746608605,6464288.503117824
5688,5688,2016,7,13,13,15,693977.4854468687,6464351.390677564
5689,5689,2016,7,13,13,45,693981.9695646401,6464336.541663795
5690,5690,2016,7,13,14,15,693962.0452912294,6464333.141036253
5691,5691,2016,7,13,14,45,693928.4628327225,6464309.850118074
5692,5692,2016,7,13,15,15,693910.5446267993,6464289.491068377
5693,5693,2016,7,13,15,45,693919.3998367685,6464275.7947227415
5694,5694,2016,7,13,16,15,693919.2259860433,6464312.115891147
5695,5695,2016,7,14,3,15,693845.1569373264,6464279.199964095
5696,5696,2016,7,14,3,45,693819.7587604084,6464313.972153292
5697,5697,2016,7,14,4,15,693922.324755654,6464368.975719718
5698,5698,2016,7,14,4,45,693929.0391628399,6464382.119864689
5699,5699,2016,7,14,5,15,693948.8604836984,6464399.835741339
5700,5700,2016,7,14,5,45,693948.6070344977,6464395.470061737
5701,5701,2016,7,14,6,15,693914.6749462674,6464412.248675489
5702,5702,2016,7,14,6,45,693936.0163307894,6464418.660965745
5703,5703,2016,7,14,7,15,693948.6912383657,6464402.593323169
5704,5704,2016,7,14,7,45,693897.3806665561,6464458.419171426
5705,5705,2016,7,14,8,15,693950.2006084264,6464440.761773381
5706,5706,2016,7,14,8,45,693974.8090465209,6464402.019312628
5707,5707,2016,7,14,9,15,693959.8644466512,6464413.492358847
5708,5708,2016,7,14,9,45,693991.843402292,6464380.501792772
5709,5709,2016,7,14,10,15,693913.6713153372,6464416.581045637
5710,5710,2016,7,14,10,45,693952.1359240277,6464368.279255514
5711,5711,2016,7,14,11,15,693964.4274069613,6464374.089200958
5712,5712,2016,7,14,12,45,694028.606553746,6464406.178224251
5713,5713,2016,7,14,14,15,694018.3084387196,6464363.644481857
5714,5714,2016,7,14,14,45,694127.5594833529,6464392.969661569
5715,5715,2016,7,14,15,15,694163.5499786569,6464392.568946743
5716,5716,2016,7,15,2,45,694217.3349479595,6464556.537761808
5717,5717,2016,7,15,3,15,694231.3719502675,6464545.000818745
5718,5718,2016,7,15,3,45,694243.6649624006,6464528.943214753
5719,5719,2016,7,15,4,15,694233.1907965376,6464523.298143068
5720,5720,2016,7,15,4,45,694185.4915869592,6464493.968247718
5721,5721,2016,7,15,5,15,694172.1991839103,6464463.566561912
5722,5722,2016,7,15,5,45,694180.0056600684,6464436.030130874
5723,5723,2016,7,15,6,15,694216.8552052019,6464419.837748109
5724,5724,2016,7,15,6,45,694190.6765365006,6464406.883328242
5725,5725,2016,7,15,7,15,694152.4917599892,6464414.679876524
5726,5726,2016,7,15,7,45,694171.0296501231,6464388.696933809
5727,5727,2016,7,15,8,15,694136.4002069373,6464393.248537441
5728,5728,2016,7,15,8,45,694136.7893453448,6464398.96292346
5729,5729,2016,7,15,9,15,694154.3445500128,6464388.185460235
5730,5730,2016,7,15,9,45,694155.7341255525,6464386.580324161
5731,5731,2016,7,15,10,15,694193.0172982635,6464388.421616694
5732,5732,2016,7,15,10,45,694179.8564752322,6464374.788150177
5733,5733,2016,7,15,11,15,694120.2776976762,6464356.560918791
5734,5734,2016,7,15,11,45,694115.7974604033,6464357.207682439
5735,5735,2016,7,15,12,15,694147.4107629029,6464385.626266412
5736,5736,2016,7,15,12,45,694109.5158373389,6464338.723278186
5737,5737,2016,7,15,13,15,694057.9069538539,6464277.094649121
5738,5738,2016,7,15,13,45,694018.3230748505,6464237.708007055
5739,5739,2016,7,15,14,15,693996.8020290097,6464267.798657457
5740,5740,2016,7,15,14,45,694007.6142037117,6464295.543186489
5741,5741,2016,7,15,15,15,693985.9743115046,6464280.605866313
5742,5742,2016,7,15,15,45,693985.3967413178,6464287.028686667
5743,5743,2016,7,15,16,15,693988.9563816618,6464323.301428276
5744,5744,2016,7,15,16,45,694024.5172463747,6464237.646387528
5745,5745,2016,7,15,17,15,694022.6194140476,6464307.701090561
5746,5746,2016,7,15,17,45,694044.1757195643,6464251.589376074
5747,5747,2016,7,15,18,15,694067.508354565,6464213.168672103
5748,5748,2016,7,15,18,45,694060.5000805074,6464288.787436054
5749,5749,2016,7,15,19,15,694065.8310743639,6464243.929950165
5750,5750,2016,7,15,19,45,694070.7384460857,6464179.563883155
5751,5751,2016,7,15,20,15,694064.26563624,6464156.064643538
5752,5752,2016,7,15,20,45,694067.4273951239,6464156.4719871245
5753,5753,2016,7,15,21,15,694050.4615158865,6464175.99241419
5754,5754,2016,7,15,21,45,694045.6420766946,6464161.343563532
5755,5755,2016,7,15,22,15,694036.455677744,6464215.815245348
5756,5756,2016,7,15,22,45,694023.2815592426,6464192.571971266
5757,5757,2016,7,15,23,15,694008.3611857723,6464257.335641322
5758,5758,2016,7,15,23,45,693979.0696415802,6464265.8490518965
5759,5759,2016,7,16,0,15,693932.0967766837,6464288.574110596
5760,5760,2016,7,16,0,45,693943.1531579668,6464295.864724151
5761,5761,2016,7,16,1,15,693937.381715842,6464295.998386932
5762,5762,2016,7,16,1,45,693956.6491466514,6464295.516106275
5763,5763,2016,7,16,2,15,693990.6099094658,6464292.417868759
5764,5764,2016,7,16,2,45,693970.5703177933,6464270.167174673
5765,5765,2016,7,16,3,15,693957.3928333775,6464307.48194496
5766,5766,2016,7,16,3,45,693914.0320795389,6464312.730933822
5767,5767,2016,7,16,4,15,693896.9919857847,6464340.520851515
5768,5768,2016,7,16,4,45,693905.8341529188,6464377.657977043
5769,5769,2016,7,16,5,15,693897.7120873334,6464368.739740681
5770,5770,2016,7,16,5,45,693892.0423205467,6464372.755321052
5771,5771,2016,7,16,6,15,693883.9973763169,6464382.553502213
5772,5772,2016,7,16,6,45,693912.6911501103,6464383.054136579
5773,5773,2016,7,16,7,15,693896.9605630214,6464376.768994634
5774,5774,2016,7,16,7,45,693869.8238999711,6464374.063661256
5775,5775,2016,7,16,8,15,693884.5933742801,6464393.819028265
5776,5776,2016,7,16,8,45,693895.436654494,6464394.061496384
5777,5777,2016,7,16,9,15,693882.4486152973,6464397.90334155
5778,5778,2016,7,16,9,45,693919.0802219729,6464401.543386249
5779,5779,2016,7,16,10,15,693923.090502066,6464393.26799337
5780,5780,2016,7,16,10,45,693882.1164650007,6464383.25478986
5781,5781,2016,7,16,11,15,693912.7689895007,6464375.770187766
5782,5782,2016,7,16,11,45,693941.9856978382,6464376.870123221
5783,5783,2016,7,16,12,15,693907.1508930555,6464379.991671058
5784,5784,2016,7,16,12,45,693911.1082306716,6464372.374610227
5785,5785,2016,7,16,13,15,693902.6202358273,6464366.122083227
5786,5786,2016,7,16,13,45,693936.6938781475,6464371.918430986
5787,5787,2016,7,16,14,15,693929.9577834744,6464378.8229386285
5788,5788,2016,7,16,14,45,693915.7792488849,6464351.298679427
5789,5789,2016,7,16,15,15,693926.444473091,6464389.439940933
5790,5790,2016,7,16,15,45,693913.8002808525,6464387.908308046
5791,5791,2016,7,16,16,15,693918.8875793264,6464363.153284592
5792,5792,2016,7,16,16,45,693909.4780010597,6464364.068398528
5793,5793,2016,7,16,17,15,693907.5180329839,6464371.178967195
5794,5794,2016,7,16,17,45,693846.4559069995,6464378.288104131
5795,5795,2016,7,17,3,45,693972.5264159051,6464252.519315796
5796,5796,2016,7,17,4,15,693949.9603536852,6464339.681197482
5797,5797,2016,7,17,4,45,693960.1180546689,6464377.360611221
5798,5798,2016,7,17,5,15,693929.3586475964,6464289.132024353
5799,5799,2016,7,17,5,45,694015.6523702714,6464251.268174625
5800,5800,2016,7,17,6,15,694013.1329202306,6464268.933947412
5801,5801,2016,7,17,6,45,694021.3812675208,6464309.573627003
5802,5802,2016,7,17,7,15,693999.4701588086,6464281.432438787
5803,5803,2016,7,17,7,45,693996.2780151449,6464368.193250953
5804,5804,2016,7,17,8,15,693994.1458429775,6464361.561884696
5805,5805,2016,7,17,8,45,693989.104402592,6464341.763839197
5806,5806,2016,7,17,9,15,694025.3297983716,6464225.176335779
5807,5807,2016,7,17,9,45,694002.3849739853,6464279.069917196
5808,5808,2016,7,17,10,15,693994.3793795817,6464329.721803837
5809,5809,2016,7,17,10,45,693998.5730340116,6464304.415720339
5810,5810,2016,7,17,11,15,694004.5046395742,6464347.94621418
5811,5811,2016,7,17,11,45,694025.4633165575,6464332.665344026
5812,5812,2016,7,17,12,15,694040.5727327486,6464278.098810486
5813,5813,2016,7,17,12,45,694013.395406167,6464316.924219164
5814,5814,2016,7,17,13,15,693981.6339960009,6464343.024612085
5815,5815,2016,7,17,13,45,693960.838220053,6464321.57289652
5816,5816,2016,7,17,14,15,694000.7810734621,6464390.884205814
5817,5817,2016,7,17,14,45,693989.5835876366,6464381.107275507
5818,5818,2016,7,17,15,15,693989.1966942529,6464350.988429247
5819,5819,2016,7,17,15,45,694012.9996737534,6464361.152803431
5820,5820,2016,7,17,22,15,693756.64520073,6464547.391300914
5821,5821,2016,7,18,1,45,693870.5304511425,6464617.390936453
5822,5822,2016,7,18,2,15,693914.6022481099,6464570.921014339
5823,5823,2016,7,18,5,15,693895.0591592491,6464513.9448335385
5824,5824,2016,7,18,5,45,693917.0790480635,6464546.794110588
5825,5825,2016,7,18,6,15,693874.2391231637,6464553.372262698
5826,5826,2016,7,18,6,45,693913.2767574415,6464513.674515067
5827,5827,2016,7,18,7,15,693848.211011235,6464538.015270353
5828,5828,2016,7,18,7,45,693917.7285770024,6464487.863257771
5829,5829,2016,7,18,8,15,693924.1075573101,6464510.526104491
5830,5830,2016,7,18,8,45,693957.6277239837,6464500.952808978
5831,5831,2016,7,18,9,15,693969.5038683047,6464540.968742985
5832,5832,2016,7,18,9,45,693909.4855788643,6464594.49194573
5833,5833,2016,7,18,10,15,693981.7582237704,6464588.202052334
5834,5834,2016,7,18,10,45,694006.1358090693,6464563.069257043
5835,5835,2016,7,18,12,15,694018.4064806076,6464536.789485595
5836,5836,2016,7,18,12,45,693955.9634518865,6464519.481552497
5837,5837,2016,7,18,13,15,693936.0404104457,6464538.887067172
5838,5838,2016,7,18,13,45,693995.4497312701,6464547.09279001
5839,5839,2016,7,18,14,15,694047.2715750249,6464547.674296923
5840,5840,2016,7,18,14,45,694088.4284483627,6464606.543822479
5841,5841,2016,7,19,3,15,693835.888826425,6464457.624353821
5842,5842,2016,7,19,4,15,693821.2178496156,6464470.232483722
5843,5843,2016,7,19,4,45,693872.053334825,6464469.775548816
5844,5844,2016,7,19,5,15,693938.6596271787,6464473.153462199
5845,5845,2016,7,19,5,45,693889.7715212321,6464505.210353845
5846,5846,2016,7,19,6,15,693905.5473660042,6464501.884565937
5847,5847,2016,7,19,6,45,693912.0227555259,6464508.674711533
5848,5848,2016,7,19,7,15,693922.2749019619,6464499.641063677
5849,5849,2016,7,19,7,45,693904.0692550536,6464522.954948086
5850,5850,2016,7,19,8,15,693927.1932015254,6464518.21212101
5851,5851,2016,7,19,8,45,693938.6550167658,6464535.810098591
5852,5852,2016,7,19,9,15,693948.0952268671,6464538.404853449
5853,5853,2016,7,19,9,45,693977.8972773453,6464551.879540169
5854,5854,2016,7,19,10,15,693963.0702617196,6464559.490895021
5855,5855,2016,7,19,10,45,693940.2590196865,6464569.7077670125
5856,5856,2016,7,19,11,15,693947.7220548956,6464577.756110075
5857,5857,2016,7,19,11,45,693956.7810466631,6464595.173185989
5858,5858,2016,7,19,12,15,693966.0216188084,6464595.790689133
5859,5859,2016,7,19,12,45,693989.0320653009,6464563.4886480905
5860,5860,2016,7,19,13,15,693988.1847006576,6464562.552397555
5861,5861,2016,7,19,13,45,693988.2937099242,6464579.432031201
5862,5862,2016,7,19,14,15,693979.0021667582,6464591.353564554
5863,5863,2016,7,19,14,45,693988.6660722945,6464591.394708441
5864,5864,2016,7,19,15,15,693984.7838122383,6464571.081994707
5865,5865,2016,7,19,15,45,693966.2866635297,6464610.408766017
5866,5866,2016,7,19,16,15,693973.5765784129,6464585.062870499
5867,5867,2016,7,19,16,45,693966.4952307581,6464580.729583218
5868,5868,2016,7,19,17,15,693915.8789339724,6464650.748349147
5869,5869,2016,7,19,22,15,693710.0166840439,6464668.913212108
5870,5870,2016,7,20,2,45,693752.8022649082,6464670.062008958
5871,5871,2016,7,20,3,15,693805.466400845,6464622.582108525
5872,5872,2016,7,20,3,45,693838.2146703597,6464611.413727798
5873,5873,2016,7,20,4,15,693869.6167028139,6464584.678140469
5874,5874,2016,7,20,4,45,693894.3941863333,6464567.048623541
5875,5875,2016,7,20,5,15,693881.8231107402,6464584.105349612
5876,5876,2016,7,20,5,45,693908.3351543858,6464585.218137206
5877,5877,2016,7,20,6,15,693921.1902743388,6464546.278671281
5878,5878,2016,7,20,6,45,693895.1673992334,6464598.53294692
5879,5879,2016,7,20,7,15,693926.4449800294,6464560.94525696
5880,5880,2016,7,20,7,45,693942.5617090334,6464539.055192469
5881,5881,2016,7,20,8,15,693903.7510391412,6464572.999822556
5882,5882,2016,7,20,8,45,693914.7915659096,6464598.355566994
5883,5883,2016,7,20,9,15,693914.113215519,6464564.07452054
5884,5884,2016,7,20,9,45,693959.5502227388,6464553.448000706
5885,5885,2016,7,20,10,15,693948.4169669093,6464580.588702301
5886,5886,2016,7,20,10,45,693960.7591057929,6464583.170460576
5887,5887,2016,7,20,11,15,693937.5082114532,6464597.023691053
5888,5888,2016,7,20,11,45,693935.0066336861,6464573.888089982
5889,5889,2016,7,20,12,15,693933.4997800642,6464593.669104773
5890,5890,2016,7,20,12,45,693953.2561883295,6464572.933177418
5891,5891,2016,7,20,13,15,693950.8963833078,6464571.388722928
5892,5892,2016,7,20,13,45,693952.5003785108,6464578.493409615
5893,5893,2016,7,20,14,15,693965.8897779506,6464600.257305983
5894,5894,2016,7,20,14,45,693967.0617872132,6464576.019419772
5895,5895,2016,7,20,15,15,693984.367518942,6464562.463065368
5896,5896,2016,7,20,15,45,693963.8286161625,6464619.773479541
5897,5897,2016,7,20,16,15,693993.4449550526,6464565.661723707
5898,5898,2016,7,20,16,45,693983.4121359177,6464614.929899444
5899,5899,2016,7,20,17,15,693983.6836542833,6464570.162451846
5900,5900,2016,7,20,17,45,693973.8432351401,6464597.8272866
5901,5901,2016,7,20,18,15,693989.7609486565,6464573.567859752
5902,5902,2016,7,20,18,45,693986.2295595723,6464598.943910178
5903,5903,2016,7,20,19,15,693978.5309537979,6464604.342139263
5904,5904,2016,7,20,19,45,694003.5199250536,6464589.980958723
5905,5905,2016,7,20,20,15,694019.2656394265,6464574.2410273785
5906,5906,2016,7,20,20,45,694007.3099043854,6464569.120858058
5907,5907,2016,7,20,21,15,693999.7689850964,6464591.96901321
5908,5908,2016,7,20,21,45,693982.6336897362,6464598.445503011
5909,5909,2016,7,20,22,15,693986.455420314,6464593.593084269
5910,5910,2016,7,20,22,45,694000.9099441553,6464578.851157167
5911,5911,2016,7,20,23,15,694002.8597918459,6464589.490608824
5912,5912,2016,7,20,23,45,694011.6111916007,6464609.260889182
5913,5913,2016,7,21,0,15,694009.1236264603,6464587.796192434
5914,5914,2016,7,21,0,45,694021.6456172243,6464579.981643912
5915,5915,2016,7,21,1,15,694024.8305602976,6464626.151160136
5916,5916,2016,7,21,1,45,694031.380183672,6464603.974595442
5917,5917,2016,7,21,2,15,694020.5739489049,6464599.884228983
5918,5918,2016,7,21,2,45,694016.2800332045,6464595.273303047
5919,5919,2016,7,21,3,15,694014.7985460864,6464589.759402647
5920,5920,2016,7,21,3,45,694015.4609298874,6464581.653318501
5921,5921,2016,7,21,4,15,694021.0467054883,6464587.217812572
5922,5922,2016,7,21,4,45,694037.4395367954,6464583.955672659
5923,5923,2016,7,21,5,15,694022.2625153186,6464604.088262635
5924,5924,2016,7,21,5,45,694010.105856814,6464586.206214872
5925,5925,2016,7,21,6,15,694005.7857587861,6464579.058780463
5926,5926,2016,7,21,6,45,694008.3581937699,6464579.948508841
5927,5927,2016,7,21,7,15,694016.537159703,6464577.426559735
5928,5928,2016,7,21,7,45,694020.0876978448,6464604.819353091
5929,5929,2016,7,21,8,15,694022.2661037628,6464596.462001216
5930,5930,2016,7,21,8,45,694023.3465660883,6464572.804242292
5931,5931,2016,7,21,9,15,694011.3832525525,6464570.104494442
5932,5932,2016,7,21,9,45,694007.5874366289,6464585.210729158
5933,5933,2016,7,21,10,15,693990.6032136873,6464561.201562
5934,5934,2016,7,21,10,45,693983.1216743863,6464587.074034366
5935,5935,2016,7,21,11,15,693957.2374590914,6464611.029249546
5936,5936,2016,7,21,11,45,693975.673862986,6464555.951357749
5937,5937,2016,7,21,12,15,693975.3191827122,6464571.819156904
5938,5938,2016,7,21,12,45,693959.4500705752,6464575.297754102
5939,5939,2016,7,21,13,15,693956.2025702324,6464569.703460204
5940,5940,2016,7,21,13,45,693959.0018093815,6464586.431728709
5941,5941,2016,7,21,14,15,693940.3596164654,6464607.868620807
5942,5942,2016,7,21,14,45,693968.8532831488,6464567.194286091
5943,5943,2016,7,21,15,15,693977.2390234414,6464566.844296296
5944,5944,2016,7,21,15,45,693962.2700208398,6464588.285195331
5945,5945,2016,7,21,16,15,693952.6857919485,6464587.249717085
5946,5946,2016,7,21,16,45,693931.4917660061,6464625.433147761
5947,5947,2016,7,21,17,15,693932.9362836191,6464604.211229458
5948,5948,2016,7,21,17,45,693969.709763258,6464584.39650716
5949,5949,2016,7,21,18,15,693954.3596126845,6464619.018511529
5950,5950,2016,7,21,18,45,693981.0062772899,6464612.114526982
5951,5951,2016,7,21,19,15,694040.0523519448,6464651.212511708
5952,5952,2016,7,21,19,45,694054.9220589508,6464620.778176049
5953,5953,2016,7,21,20,15,694028.646779569,6464624.195629449
5954,5954,2016,7,21,20,45,694007.0892886621,6464601.2683326
5955,5955,2016,7,21,21,15,694000.7017872437,6464600.633145787
5956,5956,2016,7,21,21,45,694003.5648863461,6464596.260871181
5957,5957,2016,7,21,22,15,694013.3423877488,6464599.195502816
5958,5958,2016,7,21,22,45,694013.1668661111,6464592.090411252
5959,5959,2016,7,21,23,15,694022.73231874,6464571.688654765
5960,5960,2016,7,21,23,45,694039.8064452083,6464604.398702362
5961,5961,2016,7,22,0,15,694014.5650558324,6464577.393566073
5962,5962,2016,7,22,0,45,694024.3038601964,6464585.007665564
5963,5963,2016,7,22,1,15,694057.7601342277,6464614.649706856
5964,5964,2016,7,22,1,45,694070.5467325632,6464601.165049056
5965,5965,2016,7,22,2,15,694083.5173165501,6464573.412290795
5966,5966,2016,7,22,2,45,694083.3508451742,6464608.944372596
5967,5967,2016,7,22,4,15,694038.6652228466,6464629.552926074
5968,5968,2016,7,22,4,45,694058.5255655481,6464636.907302415
5969,5969,2016,7,22,5,15,694044.1202119774,6464609.662173945
5970,5970,2016,7,22,5,45,694036.0362475134,6464566.004022673
5971,5971,2016,7,22,6,15,694018.3298534007,6464588.735967999
5972,5972,2016,7,22,6,45,694020.9960173138,6464584.4048819775
5973,5973,2016,7,22,7,15,694017.6805178473,6464564.696985586
5974,5974,2016,7,22,7,45,694033.4284806475,6464589.687124919
5975,5975,2016,7,22,8,15,694028.4925321729,6464586.246903783
5976,5976,2016,7,22,8,45,694000.9091414612,6464574.808254148
5977,5977,2016,7,22,9,15,693978.576573183,6464583.559900566
5978,5978,2016,7,22,9,45,694010.0219002776,6464599.674149526
5979,5979,2016,7,22,10,15,694009.526789334,6464600.891606089
5980,5980,2016,7,22,10,45,693998.1726847158,6464566.62338523
5981,5981,2016,7,22,11,15,694012.5081131503,6464575.664702089
5982,5982,2016,7,22,11,45,694004.0331917407,6464571.142726088
5983,5983,2016,7,22,12,15,694007.8094690838,6464579.47397145
5984,5984,2016,7,22,12,45,693992.9501573007,6464575.998383701
5985,5985,2016,7,22,13,15,693969.1849574834,6464595.142695818
5986,5986,2016,7,22,13,45,693997.356793642,6464574.653218762
5987,5987,2016,7,22,14,15,693993.643222462,6464595.142585152
5988,5988,2016,7,22,14,45,693997.3842144478,6464589.069355892
5989,5989,2016,7,22,15,15,694014.5511878068,6464566.957362186
5990,5990,2016,7,22,15,45,693993.7641102883,6464568.7667410895
5991,5991,2016,7,22,16,15,693980.9121092345,6464607.960976964
5992,5992,2016,7,22,16,45,693960.6549042708,6464622.056084648
5993,5993,2016,7,22,17,15,693978.1228163579,6464590.454860882
5994,5994,2016,7,22,17,45,693971.241682936,6464607.8283035215
5995,5995,2016,7,22,18,15,693946.9981073336,6464652.08695616
5996,5996,2016,7,22,18,45,693956.2269050693,6464612.601187611
5997,5997,2016,7,22,19,15,693980.5327483995,6464606.467915608
5998,5998,2016,7,22,19,45,693954.030480328,6464657.827541054
5999,5999,2016,7,22,20,15,693965.4657686771,6464628.542931594
6000,6000,2016,7,22,20,45,694000.8938002781,6464611.961851388
6001,6001,2016,7,22,21,15,694015.2386265974,6464606.026733191
6002,6002,2016,7,22,21,45,694025.0719020823,6464602.6095698895
6003,6003,2016,7,22,22,15,694020.0287543319,6464586.326273009
6004,6004,2016,7,22,22,45,694009.4015718789,6464628.19090029
6005,6005,2016,7,22,23,15,693999.4932839059,6464628.023492037
6006,6006,2016,7,22,23,45,693969.2523023486,6464631.107010673
6007,6007,2016,7,23,0,15,693984.6833202775,6464631.394734741
6008,6008,2016,7,23,0,45,693989.3789228323,6464647.159999057
6009,6009,2016,7,23,1,15,693979.2454379003,6464642.231770252
6010,6010,2016,7,23,1,45,693997.459261749,6464622.980021326
6011,6011,2016,7,23,2,15,694004.0790561957,6464617.729238195
6012,6012,2016,7,23,2,45,693979.6989793512,6464597.268804954
6013,6013,2016,7,23,3,15,693944.4560300163,6464646.619715985
6014,6014,2016,7,23,3,45,693942.0363028946,6464663.926279316
6015,6015,2016,7,23,4,15,693969.5721812596,6464627.50517869
6016,6016,2016,7,23,4,45,693985.7579513544,6464577.658439005
6017,6017,2016,7,23,5,15,693975.3385126275,6464597.224957287
6018,6018,2016,7,23,5,45,693949.7389281522,6464628.352831821
6019,6019,2016,7,23,6,15,693960.8193948282,6464614.010314371
6020,6020,2016,7,23,6,45,693978.6185048557,6464583.34735702
6021,6021,2016,7,23,7,15,693993.760880216,6464564.361895306
6022,6022,2016,7,23,7,45,693989.0192735626,6464572.440428536
6023,6023,2016,7,23,8,15,693973.851333821,6464577.164726316
6024,6024,2016,7,23,8,45,693972.714704535,6464579.303988527
6025,6025,2016,7,23,9,15,693974.1472252085,6464596.942436232
6026,6026,2016,7,23,9,45,693987.885423283,6464572.487102739
6027,6027,2016,7,23,10,15,693990.2402164657,6464575.947276772
6028,6028,2016,7,23,10,45,693996.938017534,6464561.898104685
6029,6029,2016,7,23,11,15,693991.2250471424,6464554.311641236
6030,6030,2016,7,23,11,45,693994.8423111095,6464558.33563207
6031,6031,2016,7,23,12,15,693987.1339822938,6464568.670787232
6032,6032,2016,7,23,12,45,693999.2467753667,6464556.323720874
6033,6033,2016,7,23,13,15,694003.324157217,6464559.846382148
6034,6034,2016,7,23,13,45,693991.5823746151,6464562.912610005
6035,6035,2016,7,23,14,15,693985.3887672632,6464550.94044089
6036,6036,2016,7,23,14,45,693967.9002044173,6464580.755905958
6037,6037,2016,7,23,15,15,693965.9082952277,6464570.262759279
6038,6038,2016,7,23,15,45,693961.4484783721,6464588.398698957
6039,6039,2016,7,23,16,15,693959.4614396818,6464595.2022604365
6040,6040,2016,7,23,16,45,693965.122975485,6464602.53744208
6041,6041,2016,7,23,17,15,693960.4958207723,6464606.9286722215
6042,6042,2016,7,23,17,45,693943.3155756459,6464637.289136357
6043,6043,2016,7,23,18,15,693959.1571218575,6464634.486578475
6044,6044,2016,7,23,18,45,693969.8294646626,6464637.720595587
6045,6045,2016,7,23,19,15,693965.9447330884,6464607.113754764
6046,6046,2016,7,23,19,45,693983.4963342845,6464619.7010723865
6047,6047,2016,7,23,20,15,694007.0186275166,6464625.694639105
6048,6048,2016,7,23,20,45,693995.0747759137,6464616.822712343
6049,6049,2016,7,23,21,15,693978.402642371,6464650.511869206
6050,6050,2016,7,23,22,15,693977.9669949115,6464609.383739462
6051,6051,2016,7,23,22,45,693979.2047510647,6464628.845208026
6052,6052,2016,7,23,23,15,693990.2987952095,6464642.858239204
6053,6053,2016,7,23,23,45,693976.9282021262,6464633.853058018
6054,6054,2016,7,24,0,15,693962.4562615729,6464632.96892052
6055,6055,2016,7,24,0,45,693989.6423954482,6464590.268183448
6056,6056,2016,7,24,1,15,693991.338307998,6464613.235497975
6057,6057,2016,7,24,1,45,694002.6188532496,6464583.381450536
6058,6058,2016,7,24,2,15,693985.7866712145,6464600.957884418
6059,6059,2016,7,24,2,45,693979.7809467891,6464602.380456282
6060,6060,2016,7,24,3,15,693967.759927425,6464586.84737763
6061,6061,2016,7,24,3,45,693983.1915185387,6464575.436933823
6062,6062,2016,7,24,4,15,693996.7081752298,6464547.740885119
6063,6063,2016,7,24,4,45,693996.0961228649,6464569.148433807
6064,6064,2016,7,24,5,15,693975.9633501533,6464577.230251068
6065,6065,2016,7,24,5,45,694002.582182492,6464569.928200416
6066,6066,2016,7,24,6,15,693998.5545746638,6464555.433656031
6067,6067,2016,7,24,6,45,693999.36991023,6464572.433986891
6068,6068,2016,7,24,7,15,694030.4999605062,6464562.066218933
6069,6069,2016,7,24,7,45,694010.4072506084,6464589.526821344
6070,6070,2016,7,24,8,15,693972.2023137328,6464548.028482085
6071,6071,2016,7,24,8,45,693967.8167054411,6464541.112643873
6072,6072,2016,7,24,9,15,693954.6542672375,6464535.462276891
6073,6073,2016,7,24,9,45,694016.9897547796,6464547.505001093
6074,6074,2016,7,24,10,15,694029.9877821805,6464536.622285727
6075,6075,2016,7,24,10,45,694065.196831963,6464528.70153457
6076,6076,2016,7,24,11,15,694035.4553432985,6464528.238332527
6077,6077,2016,7,24,11,45,694023.7699585687,6464550.045749295
6078,6078,2016,7,24,12,15,694048.6728559326,6464541.802610171
6079,6079,2016,7,24,12,45,694096.3182721246,6464560.464042461
6080,6080,2016,7,24,13,15,694077.8132504529,6464561.752222028
6081,6081,2016,7,24,13,45,694082.9978809406,6464537.666324156
6082,6082,2016,7,24,14,15,694033.8962769675,6464517.775696727
6083,6083,2016,7,24,14,45,694069.7721851892,6464534.634037982
6084,6084,2016,7,24,15,15,694051.6029891536,6464542.339945465
6085,6085,2016,7,24,15,45,694068.8576294909,6464532.993227399
6086,6086,2016,7,24,16,15,694073.7629181076,6464531.1066072965
6087,6087,2016,7,25,4,45,694000.7483845801,6464519.214911996
6088,6088,2016,7,25,5,15,693955.9341245473,6464490.441420885
6089,6089,2016,7,25,5,45,693996.9372113745,6464572.432314512
6090,6090,2016,7,25,6,15,694050.4720508395,6464559.39606122
6091,6091,2016,7,25,6,45,694024.3518667376,6464509.0326343365
6092,6092,2016,7,25,7,45,693980.9510568016,6464552.566653268
6093,6093,2016,7,25,8,15,694027.7005955548,6464491.337646328
6094,6094,2016,7,25,8,45,694060.9089826705,6464524.500925727
6095,6095,2016,7,25,9,15,694059.6904324687,6464479.986579299
6096,6096,2016,7,25,10,45,694077.2976823064,6464471.412029263
6097,6097,2016,7,25,11,15,694030.8561760676,6464527.875205406
6098,6098,2016,7,25,11,45,694062.7255270475,6464523.180704373
6099,6099,2016,7,25,12,15,694079.5697655039,6464527.140556477
6100,6100,2016,7,25,12,45,694073.0596291161,6464481.701896003
6101,6101,2016,7,25,13,15,694101.3007320107,6464503.714161694
6102,6102,2016,7,25,13,45,694080.0982944159,6464494.698898579
6103,6103,2016,7,25,14,15,694112.0724364303,6464506.909586449
6104,6104,2016,7,26,2,15,694110.655732504,6464426.857412416
6105,6105,2016,7,26,3,15,694240.7706029183,6464236.586758017
6106,6106,2016,7,26,6,15,694113.767583538,6464371.328177261
6107,6107,2016,7,26,6,45,694087.423233972,6464367.586298286
6108,6108,2016,7,26,7,15,694084.8273562765,6464377.975694394
6109,6109,2016,7,26,7,45,694064.3840462951,6464340.020980032
6110,6110,2016,7,26,8,15,694102.7579510682,6464347.658282007
6111,6111,2016,7,26,8,45,694081.6723944701,6464413.817330463
6112,6112,2016,7,26,9,15,694099.4580597318,6464417.925085
6113,6113,2016,7,26,9,45,694111.6825904583,6464410.479300232
6114,6114,2016,7,26,10,15,694070.912798011,6464375.62699152
6115,6115,2016,7,26,10,45,694079.9702709436,6464423.600431738
6116,6116,2016,7,26,11,15,694073.3458593133,6464401.5518993
6117,6117,2016,7,26,11,45,694041.3216888056,6464393.964553619
6118,6118,2016,7,26,12,15,694139.6730262372,6464353.134056717
6119,6119,2016,7,26,12,45,694157.857116115,6464412.43419584
6120,6120,2016,7,26,13,15,694187.4255016962,6464448.689724453
6121,6121,2016,7,26,13,45,694117.8275598666,6464420.248559295
6122,6122,2016,7,26,14,15,694209.161214367,6464390.363899926
6123,6123,2016,7,26,14,45,694182.493197726,6464394.013988236
6124,6124,2016,7,26,15,15,694201.2436347917,6464373.744337469
6125,6125,2016,7,26,15,45,694124.539120699,6464392.467990037
6126,6126,2016,7,26,16,15,694204.3749912755,6464395.535815965
6127,6127,2016,7,26,16,45,694225.6060103818,6464350.75040565
6128,6128,2016,7,26,18,45,693971.4169588962,6464399.4592528455
6129,6129,2016,7,27,5,15,693919.2376902412,6464454.933269104
6130,6130,2016,7,27,5,45,693895.1644652148,6464442.458865943
6131,6131,2016,7,27,6,15,693879.955323975,6464428.005584111
6132,6132,2016,7,27,6,45,693927.7996387181,6464431.698323654
6133,6133,2016,7,27,7,15,693917.5857789873,6464431.261133212
6134,6134,2016,7,27,7,45,693883.8231225334,6464435.959110567
6135,6135,2016,7,27,8,15,693898.3426300692,6464423.856266306
6136,6136,2016,7,27,8,45,693936.8999922867,6464430.831471416
6137,6137,2016,7,27,9,15,693899.6377119411,6464452.799970872
6138,6138,2016,7,27,9,45,693909.3904467775,6464441.365060295
6139,6139,2016,7,27,10,15,693811.3387371174,6464361.381672967
6140,6140,2016,7,27,10,45,693916.9781332242,6464399.394429857
6141,6141,2016,7,27,11,15,693908.4006222044,6464433.051275989
6142,6142,2016,7,27,11,45,693950.372219982,6464437.773110067
6143,6143,2016,7,27,12,15,693886.889773443,6464436.426529731
6144,6144,2016,7,27,12,45,693891.740720433,6464435.420217276
6145,6145,2016,7,27,13,15,693877.4895018949,6464461.010015846
6146,6146,2016,7,27,13,45,693897.3332131413,6464448.121164429
6147,6147,2016,7,27,14,15,693929.6291707277,6464453.67126177
6148,6148,2016,7,27,14,45,693873.6463339602,6464425.5418378
6149,6149,2016,7,27,15,15,693895.0311099263,6464480.445713929
6150,6150,2016,7,27,15,45,693876.7101070385,6464448.028383126
6151,6151,2016,7,27,16,15,693858.7795797414,6464465.2019472085
6152,6152,2016,7,28,5,15,694086.4689037028,6464358.351884292
6153,6153,2016,7,28,5,45,694072.4403177719,6464370.939606138
6154,6154,2016,7,28,6,15,694093.1616762298,6464357.398111706
6155,6155,2016,7,28,6,45,694116.9608470943,6464366.362899225
6156,6156,2016,7,28,7,15,694098.8272368873,6464379.731538813
6157,6157,2016,7,28,7,45,694077.3889270523,6464354.856670405
6158,6158,2016,7,28,8,15,694073.2641030261,6464357.1217861045
6159,6159,2016,7,28,9,15,694197.3920584173,6464376.73588454
6160,6160,2016,7,28,9,45,694152.8777204073,6464401.637510354
6161,6161,2016,7,28,10,15,694151.4768908058,6464399.019289098
6162,6162,2016,7,28,10,45,694138.8771290553,6464399.496027557
6163,6163,2016,7,28,11,15,694173.7842364645,6464406.930629303
6164,6164,2016,7,28,11,45,694130.468722626,6464407.985019281
6165,6165,2016,7,28,12,15,694165.3108583381,6464395.494665746
6166,6166,2016,7,28,12,45,694147.2324356926,6464409.382927429
6167,6167,2016,7,28,13,15,694076.0296927792,6464335.093549072
6168,6168,2016,7,28,15,15,693959.3265077178,6464416.915101352
6169,6169,2016,7,28,15,45,693867.2659220352,6464419.035200024
6170,6170,2016,7,28,16,15,693928.4788018472,6464399.058590055
6171,6171,2016,7,28,16,45,693942.5303487065,6464332.584076177
6172,6172,2016,7,29,4,45,693873.0365323775,6464362.676567784
6173,6173,2016,7,29,5,15,693917.485124057,6464358.355657542
6174,6174,2016,7,29,5,45,693924.8980389294,6464371.548694146
6175,6175,2016,7,29,6,15,693914.5297940738,6464395.460049625
6176,6176,2016,7,29,6,45,693870.9823899178,6464440.853133846
6177,6177,2016,7,29,7,15,693856.9517656153,6464448.89976821
6178,6178,2016,7,29,7,45,693889.190243784,6464447.028983385
6179,6179,2016,7,29,8,15,693920.6165156767,6464470.040228182
6180,6180,2016,7,29,8,45,693904.9318717545,6464434.123635702
6181,6181,2016,7,29,9,15,693890.3065372217,6464462.722104599
6182,6182,2016,7,29,9,45,693835.1245096965,6464439.944107656
6183,6183,2016,7,29,10,15,693927.8813217436,6464458.923594555
6184,6184,2016,7,29,10,45,693906.2461163303,6464433.248327828
6185,6185,2016,7,29,11,15,693878.0227976564,6464397.513668657
6186,6186,2016,7,29,11,45,693936.9863788182,6464437.286791985
6187,6187,2016,7,29,12,15,693932.2577757001,6464423.926542382
6188,6188,2016,7,29,12,45,693909.136755928,6464462.506402173
6189,6189,2016,7,29,13,15,693899.483347603,6464479.809271983
6190,6190,2016,7,29,13,45,693941.0829204214,6464460.235654234
6191,6191,2016,7,29,14,15,693845.5946968643,6464461.026692436
6192,6192,2016,7,29,14,45,693917.7488940428,6464486.558724714
6193,6193,2016,7,29,15,15,694066.5854061722,6464557.447890674
6194,6194,2016,7,29,15,45,694073.2063273026,6464502.346617253
6195,6195,2016,7,30,7,45,693937.0953850356,6464474.181397933
6196,6196,2016,7,30,8,15,693834.8998166076,6464465.463550248
6197,6197,2016,7,30,8,45,693961.3656625792,6464436.455937241
6198,6198,2016,7,30,10,15,694050.6885326739,6464476.319777165
6199,6199,2016,7,30,10,45,693996.9280430834,6464459.5767650725
6200,6200,2016,7,30,12,45,694127.8228517842,6464384.634466446
6201,6201,2016,7,30,13,15,694112.9702058419,6464380.855810125
6202,6202,2016,7,30,13,45,694059.8267422302,6464433.291731545
6203,6203,2016,7,30,14,15,694089.1598503543,6464295.511534683
6204,6204,2016,7,30,15,15,694077.9923917848,6464361.177055922
6205,6205,2016,7,30,15,45,694148.2808594,6464251.931504815
6206,6206,2016,7,30,16,45,693952.6390075572,6464198.513340964
6207,6207,2016,7,31,3,45,693977.6398575811,6464248.325575888
6208,6208,2016,7,31,4,15,693950.3691257654,6464280.220177111
6209,6209,2016,7,31,4,45,693984.1672690645,6464288.78281753
6210,6210,2016,7,31,5,15,694017.3730870698,6464319.99043807
6211,6211,2016,7,31,5,45,694028.1114223663,6464286.602297765
6212,6212,2016,7,31,6,45,694067.0680215701,6464296.791664
6213,6213,2016,7,31,7,15,694072.9232971633,6464281.678827908
6214,6214,2016,7,31,7,45,694002.497172006,6464360.149966555
6215,6215,2016,7,31,8,15,694005.63077822,6464313.54472977
6216,6216,2016,7,31,8,45,694016.9181141419,6464320.508625016
6217,6217,2016,7,31,9,15,694003.05058799,6464268.30271212
6218,6218,2016,7,31,9,45,693989.8515241897,6464257.937161262
6219,6219,2016,7,31,10,15,693974.6100607341,6464251.122041574
6220,6220,2016,7,31,10,45,693977.2594878972,6464310.996308389
6221,6221,2016,7,31,11,15,693990.7195332086,6464334.297197797
6222,6222,2016,7,31,11,45,693963.6117586717,6464340.217014556
6223,6223,2016,7,31,12,15,693901.0887103509,6464335.811084551
6224,6224,2016,7,31,12,45,693939.8076122183,6464370.522321897
6225,6225,2016,7,31,13,15,693913.6042763288,6464321.78818195
6226,6226,2016,7,31,13,45,693937.4674332492,6464318.81430452
6227,6227,2016,7,31,14,15,693893.1585627376,6464364.325337463
6228,6228,2016,7,31,14,45,693878.2997322574,6464388.424904354
6229,6229,2016,7,31,15,15,693939.2477907006,6464390.366688776
6230,6230,2016,7,31,15,45,693955.610343333,6464373.289046963
6231,6231,2016,7,31,16,15,693951.8129264453,6464336.228742662
6232,6232,2016,7,31,16,45,693919.9514678511,6464349.76258044
6233,6233,2016,7,31,17,15,693918.2201125501,6464324.405886766
